{"f1": [0.9669963121414185, 0.9174106121063232, 0.8708721399307251, 0.8307411074638367, 0.8201325535774231, 0.9130828976631165, 0.8766075372695923, 0.8478320240974426, 0.9869493246078491, 0.9217079877853394, 0.9903772473335266, 0.9208131432533264, 0.8841944932937622, 0.8942309021949768, 0.9062690138816833, 0.8969338536262512, 0.8297805786132812, 0.8607646226882935, 0.9026142358779907, 0.88273024559021, 0.887551486492157, 0.8147081732749939, 0.9248252511024475, 0.878466010093689, 0.8353450298309326, 0.8092976212501526, 0.87236088514328, 0.8672230839729309, 0.8474612236022949, 0.842362642288208, 0.8895017504692078, 0.8737860918045044, 0.873518705368042, 0.849120020866394, 0.8287097811698914, 0.8331956267356873, 0.8582499027252197, 0.8716428875923157, 0.8693917393684387, 0.8665207624435425, 0.8680672645568848, 0.9392589926719666], "precision": [0.962113618850708, 0.8789837956428528, 0.8393763899803162, 0.7884056568145752, 0.7733707427978516, 0.9221405386924744, 0.8290440440177917, 0.8110766410827637, 0.9853051900863647, 0.8981692790985107, 0.9938064813613892, 0.9490697383880615, 0.8426541090011597, 0.882169246673584, 0.8866633772850037, 0.8855046629905701, 0.8119863271713257, 0.82719486951828, 0.86614590883255, 0.8475604057312012, 0.8575912714004517, 0.7751042246818542, 0.8966264724731445, 0.8635257482528687, 0.7897493243217468, 0.791278600692749, 0.8369458913803101, 0.8344573378562927, 0.8186414837837219, 0.8228505253791809, 0.850344181060791, 0.8313552141189575, 0.8313192129135132, 0.7988409996032715, 0.7881543636322021, 0.8149972558021545, 0.8514794707298279, 0.878177285194397, 0.8287676572799683, 0.847200334072113, 0.8196183443069458, 0.9245561361312866], "recall": [0.9719288349151611, 0.9593509435653687, 0.9048236012458801, 0.8778812289237976, 0.8729133009910583, 0.9042015075683594, 0.9299606084823608, 0.8880767822265625, 0.9885989427566528, 0.9465136528015137, 0.9869716167449951, 0.8941903710365295, 0.9300429821014404, 0.9066269397735596, 0.9267613291740417, 0.908661961555481, 0.848372220993042, 0.8971743583679199, 0.9422883987426758, 0.9209452867507935, 0.9196807146072388, 0.8585772514343262, 0.9548552632331848, 0.8939323425292969, 0.8865281343460083, 0.8281563520431519, 0.9109053611755371, 0.9026671051979065, 0.8783842325210571, 0.8628225326538086, 0.9324396848678589, 0.920781135559082, 0.9202315807342529, 0.9061532616615295, 0.8736653327941895, 0.8522252440452576, 0.8651288151741028, 0.8652050495147705, 0.9142036437988281, 0.886742889881134, 0.9226037859916687, 0.9544369578361511]}